中文名称,英文全称,PubChem CID
(20S)-原人参二醇,(20S)-PROTOPANAXADIOL,11213350
1-甲基乙内酰脲-2-酰亚胺,1-METHYLHYDANTOIN-2-IMIDE,588
1-萘酚,1-NAPHTHOL,7005
"1,4-丁二醇","1,4-BUTANEDIOL",8064
"1,5-萘二酚","1,5-NAPHTHALENEDIOL",6749
"1,5-戊二醇","1,5-PENTANEDIOL",8105
2-氨基-6-氯-4-硝基苯酚,2-AMINO-6-CHLORO-4-NITROPHENOL,4679699
"2-溴-2-硝基丙烷-1,3-二醇","2-BROMO-2-NITROPROPANE-1,3-DIOL",2450
2-甲基-5-羟乙氨基苯酚,2-METHYL-5-HYDROXYETHYLAMINOPHENOL,134396
2-甲基苯并噻唑,2-METHYLBENZOTHIAZOLE,8446
2-甲基间苯二酚,2-METHYLRESORCINOL,11843
2-O-乙基抗坏血酸,2-O-ETHYL ASCORBIC ACID,54694369
"2,4-二氨基苯氧基乙醇硫酸盐","2,4-DIAMINOPHENOXYETHANOL SULFATE",21895813
"2,7-萘二酚","2,7-NAPHTHALENEDIOL",11397
20(R)-人参皂苷 Rg2,20(R)-GINSENOSIDE RG2,75412551
20(R)-人参皂苷 Rg3,20(R)-GINSENOSIDE RG3,46887680
20(R)-人参皂苷 Rh1,20(R)-GINSENOSIDE RH1,21599923
20(R)-人参皂苷 Rh2,20(R)-GINSENOSIDE RH2,54580480
20(S)-人参皂苷 Rg3,20(S)-GINSENOSIDE RG3,9918693
20(S)-人参皂苷 Rh2,20(S)-GINSENOSIDE RH2,119307
3-硝基对羟乙氨基酚,3-NITRO-P-HYDROXYETHYLAMINOPHENOL,5488102
3-O-乙基抗坏血酸,3-O-ETHYL ASCORBIC ACID,150736
4-氨基-3-硝基苯酚,4-AMINO-3-NITROPHENOL,3758882
4-氨基间甲酚,4-AMINO-M-CRESOL,17819
4-丁基间苯二酚,4-BUTYLRESORCINOL,205912
4-氯间苯二酚,4-CHLORORESORCINOL,1731
4-羟基苯甲酸,4-HYDROXYBENZOIC ACID,135
4-羟丙氨基-3-硝基苯酚,4-HYDROXYPROPYLAMINO-3-NITROPHENOL,5463795
5-氨基-4-氯邻甲酚,5-AMINO-4-CHLORO-O-CRESOL,10176241
5-氨基-4-氯邻甲酚盐酸盐,5-AMINO-4-CHLORO-O-CRESOL HCL,22153846
5-氨基-6-氯邻甲酚,5-AMINO-6-CHLORO-O-CRESOL,157641
"5-溴-5-硝基-1,3-二𫫇烷","5-BROMO-5-NITRO-1,3-DIOXANE",1807
6-氨基间甲酚,6-AMINO-M-CRESOL,76082
6-羟基吲哚,6-HYDROXYINDOLE,524508
7-脱氢胆甾醇,7-DEHYDROCHOLESTEROL,439423
对乙酰氨基酚,ACETAMINOPHEN,1983
乙酸,ACETIC ACID,176
丙酮,ACETONE,180
乙酰基肉碱盐酸盐,ACETYL CARNITINE HCL,2733928
乙酰半胱氨酸,ACETYL CYSTEINE,12035
乙酰谷氨酸,ACETYL GLUTAMIC ACID,70914
乙酰羟脯氨酸,ACETYL HYDROXYPROLINE,65784
乙酰蛋氨酸,ACETYL METHIONINE,448580
乙酰酪氨酸,ACETYL TYROSINE,68310
腺嘌呤,ADENINE,190
腺苷,ADENOSINE,60961
三磷酸腺苷,ADENOSINE TRIPHOSPHATE,5957
己二酸,ADIPIC ACID,196
丙氨酸,ALANINE,5950
乙醇,ALCOHOL,702
芦荟苦素,ALOESIN,160190
α-熊果苷,ALPHA-ARBUTIN,158637
α-松油烯,ALPHA-TERPINENE,7462
脒基脯氨酸,AMIDINOPROLINE,11643967
氨乙基丙二醇,AMINOETHYL PROPANEDIOL,8282
氨甲基丙二醇,AMINOMETHYL PROPANEDIOL,1531
氨基丙醇抗坏血酸磷酸酯,AMINOPROPYL ASCORBYL PHOSPHATE,54690785
甘醇酸铵,AMMONIUM GLYCOLATE,169677
甘草酸铵,AMMONIUM GLYCYRRHIZATE,62074
巯基乙酸铵,AMMONIUM THIOGLYCOLATE,21534
穿心莲内酯,ANDROGRAPHOLIDE,5318517
脱水木糖醇,ANHYDROXYLITOL,104501
茴香醇,ANISE ALCOHOL,7738
夹竹桃麻素,APOCYNIN,2214
花生酸,ARACHIDIC ACID,10467
熊果苷,ARBUTIN,440936
精氨酸,ARGININE,6322
精氨酸天冬氨酸盐,ARGININE ASPARTATE,11500504
精氨酸阿魏酸盐,ARGININE FERULATE,25059665
精氨酸谷氨酸盐,ARGININE GLUTAMATE,165268
精氨酸盐酸盐,ARGININE HCL,66250
精氨酸 PCA,ARGININE PCA,198346
青蒿素,ARTEMISININ,68827
抗坏血酸（维生素C）,ASCORBIC ACID,54670067
抗坏血酸棕榈酸酯,ASCORBYL PALMITATE,54680660
抗坏血酸硬脂酸酯,ASCORBYL STEARATE,54725318
积雪草酸,ASIATIC ACID,119034
积雪草苷,ASIATICOSIDE,11954171
天冬氨酸,ASPARTIC ACID,5960
壬二酸,AZELAIC ACID,2266
薁,AZULENE,9231
黄芩素,BAICALEIN,5281605
山嵛酸,BEHENIC ACID,8215
山嵛醇,BEHENYL ALCOHOL,12620
山嵛基甜菜碱,BEHENYL BETAINE,21149403
苯甲醛,BENZALDEHYDE,240
苄索氯铵,BENZETHONIUM CHLORIDE,8478
苯并咪唑,BENZIMIDAZOLE,5798
苯并胍胺,BENZOGUANAMINE,7064
苯甲酸,BENZOIC ACID,243
二苯酮,BENZOPHENONE,3102
二苯酮-1,BENZOPHENONE-1,8572
二苯酮-2,BENZOPHENONE-2,8571
二苯酮-3,BENZOPHENONE-3,4632
二苯酮-4,BENZOPHENONE-4,19988
二苯酮-5,BENZOPHENONE-5,23674885
二苯酮-6,BENZOPHENONE-6,8570
二苯酮-8,BENZOPHENONE-8,8569
二苯酮-9,BENZOPHENONE-9,154926
苯并三唑,BENZOTRIAZOLE,7220
苯氧喹,BENZOXIQUINE,6855
苯甲醇,BENZYL ALCOHOL,244
苯甲酸苄酯,BENZYL BENZOATE,2345
肉桂酸苄酯,BENZYL CINNAMATE,5273469
乙二醇单苄醚,BENZYL GLYCOL,12141
水杨酸苄酯,BENZYL SALICYLATE,8363
熊果酸苄酯,BENZYL URSOLATE,67952979
苄基腺嘌呤,BENZYLADENINE,62389
甲醛苄醇半缩醛,BENZYLHEMIFORMAL,84520
β-胡萝卜素,BETA-CAROTENE,5280489
β-谷甾醇,BETA-SITOSTEROL,222284
甜菜碱,BETAINE,247
甜菜碱水杨酸盐,BETAINE SALICYLATE,71587021
桦木脑,BETULIN,72326
生物素,BIOTIN,171548
溴氯芬,BROMOCHLOROPHENE,84907
溴甲酚绿,BROMOCRESOL GREEN,6451
溴百里酚蓝,BROMOTHYMOL BLUE,6450
布美三唑,BUMETRIZOLE,62531
丁氧基双甘醇,BUTOXYDIGLYCOL,8177
苯甲酸丁酯,BUTYL BENZOATE,8698
丁基甲氧基二苯甲酰基甲烷,BUTYL METHOXYDIBENZOYLMETHANE,51040
肉豆蔻酸丁酯,BUTYL MYRISTATE,8047
硬脂酸丁酯,BUTYL STEARATE,31278
羟苯丁酯,BUTYLPARABEN,7184
咖啡酸,CAFFEIC ACID,689043
咖啡因,CAFFEINE,2519
抗坏血酸钙,CALCIUM ASCORBATE,54740489
泛酰巯基乙胺磺酸钙,CALCIUM PANTETHEINE SULFONATE,182206
泛酸钙,CALCIUM PANTOTHENATE,443753
PCA 钙,CALCIUM PCA,14559044
巯基乙酸钙,CALCIUM THIOGLYCOLATE,13141
大麻酚,CANNABINOL,2543
癸酸,CAPRIC ACID,2969
己酸,CAPROIC ACID,8892
辛酸,CAPRYLIC ACID,379
辣椒碱,CAPSAICIN,1548943
羧甲基半胱氨酸,CARBOCYSTEINE,193653
肉碱盐酸盐,CARNITINE HCL,656657
肉碱酒石酸盐,CARNITINE TARTRATE,57349413
鼠尾草酸,CARNOSIC ACID,65126
香芹酚,CARVACROL,10364
雪松醇,CEDROL,65575
西曲溴铵,CETRIMONIUM BROMIDE,5974
西曲氯铵,CETRIMONIUM CHLORIDE,8154
西曲铵甲基硫酸盐,CETRIMONIUM METHOSULFATE,103114
西曲铵糖精盐,CETRIMONIUM SACCHARINATE,64784
鲸蜡醇乙酸酯,CETYL ACETATE,12393
鲸蜡醇,CETYL ALCOHOL,2682
鲸蜡基甜菜碱,CETYL BETAINE,93554
鲸蜡醇辛酸酯,CETYL CAPRYLATE,448864
鲸蜡醇月桂酸酯,CETYL LAURATE,88709
鲸蜡醇肉豆蔻酸酯,CETYL MYRISTATE,75779
鲸蜡醇油酸酯,CETYL OLEATE,5377655
鲸蜡醇棕榈酸酯,CETYL PALMITATE,10889
鲸蜡醇磷酸酯,CETYL PHOSPHATE,19059
鲸蜡醇硬脂酸酯,CETYL STEARATE,70924
西吡氯铵,CETYLPYRIDINIUM CHLORIDE,31239
母菊薁,CHAMAZULENE,10719
鲛肝醇,CHIMYL ALCOHOL,10448487
氯己定,CHLORHEXIDINE,9552079
氯己定二乙酸盐,CHLORHEXIDINE DIACETATE,9562059
氯己定二葡糖酸盐,CHLORHEXIDINE DIGLUCONATE,9552081
氯己定二盐酸盐,CHLORHEXIDINE DIHYDROCHLORIDE,9571016
三氯叔丁醇,CHLOROBUTANOL,5977
氯二甲酚,CHLOROXYLENOL,2723
胆甾醇,CHOLESTEROL,5997
"5,7-二羟基黄酮",CHRYSIN,5281607
肉桂醛,CINNAMAL,637511
肉桂醇,CINNAMYL ALCOHOL,5315892
西诺沙酯,CINOXATE,5373773
柠檬酸,CITRIC ACID,311
瓜氨酸,CITRULLINE,9750
卤卡班,CLOFLUCARBAN,9719
PCA 铜,COPPER PCA,22873142
香豆素,COUMARIN,323
肌酸,CREATINE,586
姜黄素,CURCUMIN,969516
维生素 B12,CYANOCOBALAMIN,166596686
环十五烷酮,CYCLOPENTADECANONE,10409
半胱氨酸,CYSTEINE,5862
胞嘧啶,CYTOSINE,597
癸醇,DECYL ALCOHOL,8174
肉豆蔻酸癸酯,DECYL MYRISTATE,170588
油酸癸酯,DECYL OLEATE,5363234
DEDM 海因,DEDM HYDANTOIN,117879
奇异黄质,DEINOXANTHIN,16061289
苯甲地那铵,DENATONIUM BENZOATE,19518
地喹氯铵,DEQUALINIUM CHLORIDE,10649
二叔丁基氢醌,DI-T-BUTYLHYDROQUINONE,2374
双丙酮醇,DIACETONE ALCOHOL,31256
二乙酰基波尔定碱,DIACETYL BOLDINE,11732365
EDTA 二铵,DIAMMONIUM EDTA,13847684
双氯酚,DICHLOROPHENE,3037
二癸基二甲基氯化铵,DIDECYLDIMONIUM CHLORIDE,23558
二乙氧基二甘醇,DIETHOXYDIGLYCOL,8179
二乙氨羟苯甲酰基苯甲酸己酯,DIETHYLAMINO HYDROXYBENZOYL HEXYL BENZOATE,10111431
二羟丙酮,DIHYDROXYACETONE,670
二甲氧基二对甲酚,DIMETHOXY DI-P-CRESOL,166971
二甲醚,DIMETHYL ETHER,8254
二甲基脲,DIMETHYL UREA,7293
二甲基甲氧基苯并二氢吡喃醇,DIMETHYLMETHOXY CHROMANOL,10176661
薯蓣皂苷元,DIOSGENIN,99474
地奥司明,DIOSMINE,5281613
EDTA 二钾,DIPOTASSIUM EDTA,16156
甘草酸二钾,DIPOTASSIUM GLYCYRRHIZATE,656852
三磷酸腺苷二钠,DISODIUM ADENOSINE TRIPHOSPHATE,13803
抗坏血酸硫酸酯二钠,DISODIUM ASCORBYL SULFATE,71587176
EDTA-铜二钠,DISODIUM EDTA-COPPER,26402
黄素腺嘌呤二核苷酸二钠,DISODIUM FLAVINE ADENINE DINUCLEOTIDE,2734019
苹果单酰基酪氨酸二钠,DISODIUM MALYL TYROSINATE,71587464
B-还原辅酶I钠盐,DISODIUM NADH,86810478
二硬脂基醚,DISTEARYL ETHER,80526
二硫杂辛二醇,DITHIAOCTANEDIOL,78904
DM 乙内酰脲,DM HYDANTOIN,6491
DMDM 乙内酰脲,DMDM HYDANTOIN,22947
十二醇棓酸酯,DODECYL GALLATE,14425
度米芬,DOMIPHEN BROMIDE,10866
甲酚曲唑,DROMETRIZOLE,17113
四氢甲基嘧啶羧酸,ECTOIN,126041
鞣花酸,ELLAGIC ACID,5281855
表棓儿茶酚棓酸酯,EPIGALLOCATECHIN GALLATE,65064
麦角硫因,ERGOTHIONEINE,5351619
异抗坏血酸（异维生素C）,ERYTHORBIC ACID,54675810
赤藓醇,ERYTHRITOL,222285
马栗树皮苷,ESCULIN,5281417
乙氧基二甘醇,ETHOXYDIGLYCOL,8146
"乙基 2,2-二甲基氢化肉桂醛","ETHYL 2,2-DIMETHYLHYDROCINNAMAL",105513
肉桂酸乙酯,ETHYL CINNAMATE,637758
乙醚,ETHYL ETHER,3283
阿魏酸乙酯,ETHYL FERULATE,736681
乙基麦芽酚,ETHYL HYDROXYPYRONE,21059
月桂酸乙酯,ETHYL LAURATE,7800
亚油酸乙酯,ETHYL LINOLEATE,5282184
油酸乙酯,ETHYL OLEATE,5363269
棕榈酸乙酯,ETHYL PALMITATE,12366
硬脂酸乙酯,ETHYL STEARATE,8122
乙基香兰素,ETHYL VANILLIN,8467
巴西基酸乙二醇环酯,ETHYLENE BRASSYLATE,61014
羟苯乙酯,ETHYLPARABEN,8434
依托立林,ETOCRYLENE,243274
桉叶油素,EUCALYPTOL,2758
丁香酚,EUGENOL,3314
阿魏酸,FERULIC ACID,445858
叶酸,FOLIC ACID,135398658
甲酸,FORMIC ACID,284
岩藻黄质,FUCOXANTHIN,5281239
富马酸,FUMARIC ACID,444972
高良姜素,GALANGIN,5281616
棓酸,GALLIC ACID,370
γ-松油烯,GAMMA-TERPINENE,7461
香叶醇,GERANIOL,637566
乙酸香叶酯,GERANYL ACETATE,1549026
人参皂苷化合物 K,GINSENOSIDE COMPOUND K,9852086
人参皂苷 F1,GINSENOSIDE F1,9809542
人参皂苷 F2,GINSENOSIDE F2,9918692
人参皂苷 Ra1,GINSENOSIDE RA1,100941542
人参皂苷 Ra2,GINSENOSIDE RA2,100941543
人参皂苷 Rb1,GINSENOSIDE RB1,9898279
人参皂苷 Rb2,GINSENOSIDE RB2,6917976
人参皂苷 Rb3,GINSENOSIDE RB3,12912363
人参皂苷 Rc,GINSENOSIDE RC,12855889
人参皂苷 Rd,GINSENOSIDE RD,11679800
人参皂苷 Re,GINSENOSIDE RE,441921
人参皂苷 Rf,GINSENOSIDE RF,441922
人参皂苷 Rg1,GINSENOSIDE RG1,441923
人参皂苷 Rg2,GINSENOSIDE RG2,21599924
人参皂苷 Rg4,GINSENOSIDE RG4,102004835
人参皂苷 Rg5,GINSENOSIDE RG5,11550001
人参皂苷 Rg6,GINSENOSIDE RG6,91895489
人参皂苷 Rh1,GINSENOSIDE RH1,12855920
人参皂苷 Rh4,GINSENOSIDE RH4,21599928
人参皂苷 Rk1,GINSENOSIDE RK1,11499198
人参皂苷 Rk3,GINSENOSIDE RK3,75412555
人参皂苷 Ro,GINSENOSIDE RO,11815492
光甘草定,GLABRIDIN,124052
葡糖酸,GLUCONIC ACID,10690
谷氨酸,GLUTAMIC ACID,33032
戊二醛,GLUTARAL,3485
甘油,GLYCERIN,753
甘氨酸,GLYCINE,750
乙二醇,GLYCOL,174
乙二醇水杨酸酯,GLYCOL SALICYLATE,6880
乙二醇硬脂酸酯,GLYCOL STEARATE,24762
羟基乙酸,GLYCOLIC ACID,757
甘草亭酸,GLYCYRRHETINIC ACID,10114
甘草酸,GLYCYRRHIZIC ACID,14982
乙二醛,GLYOXAL,7860
乙醛酸,GLYOXYLIC ACID,760
愈创薁,GUAIAZULENE,3515
鸟嘌呤,GUANINE,135398634
鸟苷,GUANOSINE,135398635
胡椒醛,HELIOTROPINE,8438
橙皮苷,HESPERIDIN,10621
十六内酯,HEXADECANOLACTONE,7984
己醛,HEXANAL,6184
己醇,HEXYL ALCOHOL,8103
月桂酸己酯,HEXYL LAURATE,94454
水杨酸己酯,HEXYL SALICYLATE,22629
己基间苯二酚,HEXYLRESORCINOL,3610
扁柏酚,HINOKITIOL,3611
组氨酸,HISTIDINE,6274
组氨酸盐酸盐,HISTIDINE HCL,66091
龙虾肌碱盐酸盐,HOMARINE HCL,13645641
和厚朴酚,HONOKIOL,72303
大麦芽碱,HORDENINE,68313
对羟基苯乙酮,HYDROXYACETOPHENONE,7469
羟癸基泛醌,HYDROXYDECYL UBIQUINONE,3686
羟乙基脲,HYDROXYETHYL UREA,73984
羟苯基丙酰胺苯甲酸,HYDROXYPHENYL PROPAMIDOBENZOIC ACID,10334118
羟基频哪酮视黄酸酯,HYDROXYPINACOLONE RETINOATE,25054592
羟脯氨酸,HYDROXYPROLINE,5810
吲哚乙酸,INDOLE ACETIC ACID,802
碘丙炔醇丁基氨甲酸酯,IODOPROPYNYL BUTYLCARBAMATE,62097
月桂酸异戊酯,ISOAMYL LAURATE,61386
苯甲酸异丁酯,ISOBUTYL BENZOATE,61048
异亮氨酸,ISOLEUCINE,6306
异烟酰胺,ISONIACINAMIDE,15074
异丙醇,ISOPROPYL ALCOHOL,3776
异栎素,ISOQUERCITRIN,5484006
莰非醇,KAEMPFEROL,5280863
激动素,KINETIN,3830
曲酸,KOJIC ACID,3840
曲酸二棕榈酸酯,KOJIC DIPALMITATE,71587292
左旋-β-蒎烯,L-BETA-PINENE,440967
甲酸-L-薄荷酯,L-MENTHYL FORMATE,112791
羊毛甾醇,LANOSTEROL,246983
月桂酰胺,LAURAMIDE,14256
月桂酰胺 DEA,LAURAMIDE DEA,8430
月桂酰胺 MEA,LAURAMIDE MEA,8899
月桂基胺氧化物,LAURAMINE OXIDE,15433
月桂酸,LAURIC ACID,3893
月桂氮卓酮,LAUROCAPRAM,42981
月桂酰丙氨酸,LAUROYL ALANINE,13854541
月桂酰赖氨酸,LAUROYL LYSINE,104151
月桂醇,LAURYL ALCOHOL,8193
月桂基甜菜碱,LAURYL BETAINE,4292413
月桂醇月桂酸酯,LAURYL LAURATE,84113
月桂醇 PCA 酯,LAURYL PCA,173414
亮氨酸,LEUCINE,6106
乙酰丙酸,LEVULINIC ACID,11579
亚油酸,LINOLEIC ACID,5280450
亚麻酸,LINOLENIC ACID,5280934
番茄红素,LYCOPENE,446925
赖氨酸,LYSINE,5962
赖氨酸天冬氨酸盐,LYSINE ASPARTATE,23391569
赖氨酸谷氨酸盐,LYSINE GLUTAMATE,79415
赖氨酸盐酸盐,LYSINE HCL,69568
赖氨酸 PCA,LYSINE PCA,23534249
间氨基苯酚,M-AMINOPHENOL,11568
间氨基苯酚盐酸盐,M-AMINOPHENOL HCL,12231984
间氨基苯酚硫酸盐,M-AMINOPHENOL SULFATE,163205
羟基积雪草酸,MADECASSIC ACID,73412
羟基积雪草苷,MADECASSOSIDE,24825675
抗坏血酸镁,MAGNESIUM ASCORBATE,54682511
抗坏血酸磷酸酯镁,MAGNESIUM ASCORBYL PHOSPHATE,71587428
PCA 镁,MAGNESIUM PCA,18601084
水杨酸镁,MAGNESIUM SALICYLATE,54684589
木兰醇,MAGNOLOL,72300
马来酸,MALEIC ACID,444266
PCA 锰,MANGANESE PCA,16097728
甘露糖醇,MANNITOL,6251
苦参碱,MATRINE,91466
MDM 乙内酰脲,MDM HYDANTOIN,67000
褪黑激素,MELATONIN,896
甲萘醌,MENADIONE,4055
蛋氨酸,METHIONINE,6137
2-辛炔酸甲酯,METHYL 2-OCTYNOATE,8092
邻氨基苯甲酸甲酯,METHYL ANTHRANILATE,8635
苯甲酸甲酯,METHYL BENZOATE,7150
丁香酚甲醚,METHYL EUGENOL,7127
水杨酸甲酯,METHYL SALICYLATE,4133
酪氨酸甲酯盐酸盐,METHYL TYROSINATE HCL,76956
甲基氯异噻唑啉酮,METHYLCHLOROISOTHIAZOLINONE,33344
甲基异噻唑啉酮,METHYLISOTHIAZOLINONE,39800
羟苯甲酯,METHYLPARABEN,7456
甲基丙二醇,METHYLPROPANEDIOL,75103
甲瓦龙酸内酯,MEVALONOLACTONE,6419891
吗啉,MORPHOLINE,8083
酮麝香,MUSK KETONE,6669
月桂烯,MYRCENE,31253
杨梅素,MYRICETIN,5281672
肉豆蔻酸,MYRISTIC ACID,11005
正丁醇,N-BUTYL ALCOHOL,263
柚皮苷,NARINGIN,442428
新橙皮苷二氢查耳酮,NEOHESPERIDIN DIHYDROCHALCONE,30231
新鲁斯可皂苷元,NEORUSCOGENIN,9910474
烟酸,NIACIN,938
烟酰胺,NIACINAMIDE,936
烟酰胺腺嘌呤二核苷酸,NICOTINAMIDE ADENINE DINUCLEOTIDE,5892
三七皂苷 R1,NOTOGINSENOSIDE R1,441934
邻伞花烃-5-醇,O-CYMEN-5-OL,18597
邻苯基苯酚,O-PHENYLPHENOL,7017
邻甲苯基双胍,O-TOLYL BIGUANIDE,7155
十八烷醇二-叔丁基-4-羟基氢化肉桂酸酯,OCTADECYL DI-T-BUTYL-4-HYDROXYHYDROCINNAMATE,16386
奥克三唑,OCTRIZOLE,62485
油酰胺丙基甜菜碱,OLEAMIDOPROPYL BETAINE,6436555
石竹素,OLEANOLIC ACID,10494
油酸,OLEIC ACID,445639
油酰酪氨酸,OLEOYL TYROSINE,52922062
油醇乙酸酯,OLEYL ACETATE,5363289
油醇,OLEYL ALCOHOL,5284499
油基甜菜碱,OLEYL BETAINE,6436882
油醇芥酸酯,OLEYL ERUCATE,6436475
油醇油酸酯,OLEYL OLEATE,5364672
鸟氨酸,ORNITHINE,6262
鸟氨酸盐酸盐,ORNITHINE HCL,76654
羟基喹啉,OXYQUINOLINE,1923
羟基喹啉苯甲酸盐,OXYQUINOLINE BENZOATE,62626
对氨基苯酚,P-AMINOPHENOL,403
对氨基苯酚盐酸盐,P-AMINOPHENOL HCL,5828
对氨基苯酚硫酸盐,P-AMINOPHENOL SULFATE,45158326
对茴香酸,P-ANISIC ACID,7478
对氯间甲酚,P-CHLORO-M-CRESOL,1732
对氯苯酚,P-CHLOROPHENOL,4684
对伞花烃,P-CYMENE,7463
对羟基茴香醚,P-HYDROXYANISOLE,9015
对甲基乙酰苯,P-METHYL ACETOPHENONE,8500
对甲氨基苯酚,P-METHYLAMINOPHENOL,5931
对甲基氨基苯酚硫酸盐,P-METHYLAMINOPHENOL SULFATE,5930
丹皮酚,PAEONOL,11092
棕榈酰胺,PALMITAMIDE,69421
棕榈酸,PALMITIC ACID,985
泛硫乙胺,PANTETHINE,452306
泛醇三乙酸酯,PANTHENYL TRIACETATE,11681493
泛内酯,PANTOLACTONE,439368
泛酸,PANTOTHENIC ACID,6613
副黄嘌呤,PARAXANTHINE,4687
十五内酯,PENTADECALACTONE,235414
苯乙醇乙酸酯,PHENETHYL ACETATE,7654
苯乙醇,PHENETHYL ALCOHOL,6054
苯乙醇苯甲酸酯,PHENETHYL BENZOATE,7194
苯氧乙醇,PHENOXYETHANOL,31236
苯基甲基吡唑啉酮,PHENYL METHYL PYRAZOLONE,4021
水杨酸苯酯,PHENYL SALICYLATE,8361
苯丙氨酸,PHENYLALANINE,6140
苯基苯并咪唑磺酸,PHENYLBENZIMIDAZOLE SULFONIC ACID,33919
根皮素,PHLORETIN,4788
间苯三酚三甲基醚,PHLOROGLUCINOL TRIMETHYL ETHER,69301
蒎烷二醇,PINANEDIOL,6553875
胡椒碱,PIPERINE,638024
苯甲酸钾,POTASSIUM BENZOATE,23661960
PCA 钾,POTASSIUM PCA,23684897
羟苯丙酯钾,POTASSIUM PROPYLPARABEN,23662516
巯基乙酸钾,POTASSIUM THIOGLYCOLATE,23688957
脯氨酸,PROLINE,145742
丙酸,PROPIONIC ACID,1032
丙醇,PROPYL ALCOHOL,1031
苯甲酸丙酯,PROPYL BENZOATE,16846
棓酸丙酯,PROPYL GALLATE,4947
羟苯丙酯,PROPYLPARABEN,7175
拟人参皂苷 F11,PSEUDOGINSENOSIDE F11,21633072
吡哆醛 5-磷酸酯,PYRIDOXAL 5-PHOSPHATE,1051
吡哆素,PYRIDOXINE,1054
吡哆素盐酸盐,PYRIDOXINE HCL,6019
吡哆素三棕榈酸酯,PYRIDOXINE TRIPALMITATE,20390
丙酮酸,PYRUVIC ACID,1060
五羟黄酮,QUERCETIN,5280343
奎宁,QUININE,3034034
覆盆子酮,RASPBERRY KETONE,21648
间苯二酚,RESORCINOL,5054
乙酸间苯二酚酯,RESORCINOL ACETATE,5055
白藜芦醇,RESVERATROL,445154
视黄醛,RETINAL,638015
视黄醇,RETINOL,445354
视黄醇乙酸酯,RETINYL ACETATE,638034
视黄醇亚油酸酯,RETINYL LINOLEATE,9807563
视黄醇棕榈酸酯,RETINYL PALMITATE,5280531
视黄醇丙酸酯,RETINYL PROPIONATE,6394572
视黄醇视黄酸酯,RETINYL RETINOATE,10303376
核黄素,RIBOFLAVIN,493570
核黄素四乙酸酯,RIBOFLAVIN TETRAACETATE,9915369
鲁斯可皂苷元,RUSCOGENIN,441893
芸香苷,RUTIN,5280805
水杨酸,SALICYLIC ACID,338
肌氨酸,SARCOSINE,1088
滨蒿内酯,SCOPARONE,8417
癸二酸,SEBACIC ACID,5192
丝氨酸,SERINE,5951
5-硝基愈创木酚钠,SODIUM 5-NITROGUAIACOLATE,3017748
抗坏血酸钠,SODIUM ASCORBATE,23667548
抗坏血酸磷酸酯钠,SODIUM ASCORBYL PHOSPHATE,10990876
苯甲酸钠,SODIUM BENZOATE,517055
β-谷甾醇硫酸酯钠,SODIUM BETA-SITOSTERYL SULFATE,71587409
羟苯丁酯钠,SODIUM BUTYLPARABEN,23671890
脱氢乙酸钠,SODIUM DEHYDROACETATE,23721629
异抗坏血酸钠,SODIUM ERYTHORBATE,23683938
羟苯乙酯钠,SODIUM ETHYLPARABEN,23681179
甘醇酸钠,SODIUM GLYCOLATE,517347
月桂酸钠,SODIUM LAURATE,2735067
羟苯甲酯钠,SODIUM METHYLPARABEN,23663626
邻苯基苯酚钠,SODIUM O-PHENYLPHENATE,23675735
石竹素钠,SODIUM OLEANOLATE,49857633
油酸钠,SODIUM OLEATE,23665730
羟苯甲酸钠,SODIUM PARABEN,16219477
苯基苯并咪唑磺酸钠,SODIUM PHENYLBENZIMIDAZOLE SULFONATE,23663543
羟苯丙酯钠,SODIUM PROPYLPARABEN,23679044
水杨酸钠,SODIUM SALICYLATE,16760658
熊果酸钠,SODIUM URSOLATE,71587647
山梨酸,SORBIC ACID,643460
山梨（糖）醇,SORBITOL,5780
亚精胺,SPERMIDINE,1102
二氢（神经）鞘氨醇,SPHINGANINE,91486
角鲨烯,SQUALENE,638072
硬脂酰胺,STEARAMIDE,31292
硬脂酰胺 AMP,STEARAMIDE AMP,13410460
硬脂酰胺 DEA,STEARAMIDE DEA,7163
硬脂酰胺 MEA,STEARAMIDE MEA,27902
硬脂胺,STEARAMINE,15793
硬脂酸,STEARIC ACID,5281
硬脂酮,STEARONE,10440
甜叶菊苷,STEVIOSIDE,442089
琥珀酸,SUCCINIC ACID,1110
蔗糖,SUCROSE,5988
叔丁醇,T-BUTYL ALCOHOL,6386
牛磺酸,TAURINE,1123
乙二胺四乙酸 TEA 盐,TEA-EDTA,6453998
月桂酸 TEA 盐,TEA-LAURATE,62441
肉豆蔻酸 TEA 盐,TEA-MYRISTATE,61993
油酸 TEA 盐,TEA-OLEATE,6433344
棕榈酸 TEA 盐,TEA-PALMITATE,162574
替普瑞酮,TEPRENONE,5282199
异松油烯,TERPINOLENE,11463
四丁基亚乙基双苯酚,TETRABUTYL ETHYLIDENEBISPHENOL,118899
四氢姜黄素,TETRAHYDROCURCUMIN,124072
四氢木兰醇,TETRAHYDROMAGNOLOL,5321851
四氢胡椒碱,TETRAHYDROPIPERINE,581676
EDTA 四钠,TETRASODIUM EDTA,6144
茶氨酸,THEANINE,439378
可可碱,THEOBROMINE,5429
茶碱,THEOPHYLLINE,2153
硫胺素盐酸盐,THIAMINE HCL,6202
硝酸硫胺素,THIAMINE NITRATE,10762
噻唑基丙氨酸,THIAZOLYLALANINE,2761495
亚硫基二乙酸,THIODIGLYCOLIC ACID,31277
硫代二丙酸,THIODIPROPIONIC ACID,8096
巯基乙酸,THIOGLYCOLIC ACID,1133
硫代牛磺酸,THIOTAURINE,6858023
苏氨酸,THREONINE,6288
胸腺嘧啶,THYMINE,1135
麝香草酚,THYMOL,6989
噻克索酮,TIOXOLONE,72139
托萘酯,TOLNAFTATE,5510
海藻糖,TREHALOSE,7427
三花生精,TRIARACHIDIN,522017
三辛精,TRICAPRYLIN,10850
三氯卡班,TRICLOCARBAN,7547
三氯生,TRICLOSAN,5564
三甘醇,TRIETHYLENE GLYCOL,8172
三月桂精,TRILAURIN,10851
三月桂基胺,TRILAURYLAMINE,7624
三亚油精,TRILINOLEIN,5322095
三亚麻精,TRILINOLENIN,5462874
三肉豆蔻精,TRIMYRISTIN,11148
三棕榈精,TRIPALMITIN,11147
EDTA 三钾,TRIPOTASSIUM EDTA,62717
EDTA 三钠,TRISODIUM EDTA,9008
甘草酸三钠,TRISODIUM GLYCYRRHIZATE,24838409
三硬脂精,TRISTEARIN,11146
环庚三烯酚酮,TROPOLONE,10789
色氨酸,TRYPTOPHAN,6305
酪氨酸,TYROSINE,6057
伞形花内酯,UMBELLIFERONE,5281426
尿嘧啶,URACIL,1174
尿素,UREA,1176
过氧化脲,UREA PEROXIDE,31294
尿酸,URIC ACID,1175
熊果酸,URSOLIC ACID,64945
缬氨酸,VALINE,6287
香兰素,VANILLIN,1183
香兰基丁基醚,VANILLYL BUTYL ETHER,5084146
汉黄芩素,WOGONIN,5281703
黄嘌呤,XANTHINE,1188
黄蝶呤,XANTHOPTERIN,135403800
木糖醇,XYLITOL,6912
月桂酸锌,ZINC LAURATE,17144
肉豆蔻酸锌,ZINC MYRISTATE,159785
棕榈酸锌,ZINC PALMITATE,9829659
PCA 锌,ZINC PCA,11602214
水杨酸锌,ZINC SALICYLATE,54693468
硬脂酸锌,ZINC STEARATE,11178
